{"sections":{"cart-items":{"type":"main-cart-items","settings":{"show_vendor":false}},"cart-footer":{"type":"main-cart-footer","blocks":{"subtotal":{"type":"subtotal","settings":{}},"buttons":{"type":"buttons","settings":{}}},"block_order":["subtotal","buttons"],"settings":{"show_cart_note":false}},"1644788958d4af0d79":{"type":"apps","blocks":{"02f8299f-d3d1-42f4-8d73-61b543c2d456":{"type":"shopify:\/\/apps\/loox-photo-reviews\/blocks\/loox-agg-section\/5c3b337f-fd14-4df5-b1d6-80ec13e6e28e","settings":{"only_photos":false,"hide_thumbnails":true,"product_handle":"the-ultralight-camping-airpump","aggregated":false,"data-limit":20,"maxwidth":1080}}},"block_order":["02f8299f-d3d1-42f4-8d73-61b543c2d456"],"settings":{"include_margins":true}},"1645890166c90c077b":{"type":"apps","settings":{"include_margins":true}}},"order":["cart-items","cart-footer","1644788958d4af0d79","1645890166c90c077b"]}