{"sections":{"banner":{"type":"main-collection-banner","settings":{"show_collection_description":false,"show_collection_image":false,"color_scheme":"background-1"}},"product-grid":{"type":"main-collection-product-grid","settings":{"products_per_page":24,"image_ratio":"square","show_secondary_image":false,"show_vendor":false,"show_rating":false,"enable_filtering":false,"enable_sorting":true,"collapse_on_larger_devices":true,"padding_top":36,"padding_bottom":36}}},"order":["banner","product-grid"]}