{"sections":{"164711931974cb0e6f":{"type":"featured-collection","disabled":true,"settings":{"title":"Featured collection","collection":"campers-corner","products_to_show":2,"color_scheme":"background-1","show_view_all":true,"swipe_on_mobile":false,"image_ratio":"adapt","show_secondary_image":false,"show_vendor":false,"show_rating":false,"padding_top":36,"padding_bottom":36}},"1652297374d4428c93":{"type":"image-banner","blocks":{"1652297374a9d1b016-0":{"type":"heading","settings":{"heading":"Camper's Corner","heading_size":"medium"}},"1652297374a9d1b016-1":{"type":"text","settings":{"text":"Full of useful equipment that is simultaneously lightweight & durable enough to survive the outdoors.","text_style":"body"}},"5f705c1c-9e75-45f6-b197-17d7cc3fe3da":{"type":"buttons","settings":{"button_label_1":"Learn More ➡️","button_link_1":"shopify:\/\/collections\/campers-corner","button_style_secondary_1":false,"button_label_2":"","button_link_2":"","button_style_secondary_2":true}}},"block_order":["1652297374a9d1b016-0","1652297374a9d1b016-1","5f705c1c-9e75-45f6-b197-17d7cc3fe3da"],"settings":{"image":"shopify:\/\/shop_images\/men_camping_9614a47d-62a6-4d5a-8e89-76c357749d21.jpg","image_overlay_opacity":30,"image_height":"medium","adapt_height_first_image":false,"desktop_content_position":"middle-center","show_text_box":false,"desktop_content_alignment":"left","color_scheme":"background-1","mobile_content_alignment":"left","stack_images_on_mobile":true,"show_text_below":false}},"1652300377a96fe508":{"type":"image-banner","blocks":{"16523003772ea9abc2-0":{"type":"heading","settings":{"heading":"Welcome Hikers","heading_size":"medium"}},"16523003772ea9abc2-1":{"type":"text","settings":{"text":"Quality camping and hiking equipment, at your finger tips, delivered directly to you.","text_style":"body"}},"16523003772ea9abc2-2":{"type":"buttons","settings":{"button_label_1":"Shop Now ➡️","button_link_1":"shopify:\/\/collections\/hikers-pack","button_style_secondary_1":false,"button_label_2":"","button_link_2":"","button_style_secondary_2":false}}},"block_order":["16523003772ea9abc2-0","16523003772ea9abc2-1","16523003772ea9abc2-2"],"settings":{"image":"shopify:\/\/shop_images\/pexels-kristen-munk-2463815.jpg","image_overlay_opacity":10,"image_height":"medium","adapt_height_first_image":false,"desktop_content_position":"middle-center","show_text_box":false,"desktop_content_alignment":"left","color_scheme":"background-1","mobile_content_alignment":"left","stack_images_on_mobile":false,"show_text_below":false}},"164711934845c9d626":{"type":"featured-product","blocks":{"16471193475fee11c7-0":{"type":"text","settings":{"text":"{{ section.settings.product.vendor }}","text_style":"uppercase"}},"16471193475fee11c7-1":{"type":"title","settings":{}},"16471193475fee11c7-2":{"type":"text","disabled":true,"settings":{"text":"","text_style":"subtitle"}},"16471193475fee11c7-3":{"type":"price","settings":{}},"16471193475fee11c7-4":{"type":"variant_picker","settings":{"picker_type":"button"}},"16471193475fee11c7-5":{"type":"quantity_selector","disabled":true,"settings":{}},"16471193475fee11c7-6":{"type":"buy_buttons","settings":{"show_dynamic_checkout":false}},"16471193475fee11c7-7":{"type":"share","settings":{"share_label":"Share"}},"9122b3a3-9db3-4fa3-adc7-99af2e369482":{"type":"text","settings":{"text":"You might be permanently damaging your gear....Read More..","text_style":"body"}}},"block_order":["16471193475fee11c7-0","16471193475fee11c7-1","16471193475fee11c7-2","16471193475fee11c7-3","16471193475fee11c7-4","16471193475fee11c7-5","16471193475fee11c7-6","16471193475fee11c7-7","9122b3a3-9db3-4fa3-adc7-99af2e369482"],"settings":{"product":"the-ultralight-camping-airpump","color_scheme":"background-1","secondary_background":false,"hide_variants":false,"enable_video_looping":true,"padding_top":36,"padding_bottom":36}},"16510189843f9712a2":{"type":"apps","blocks":{"76769643-2c63-4120-bf7d-00099dba64ff":{"type":"shopify:\/\/apps\/loox-product-reviews-photos\/blocks\/loox-carousel-section\/5c3b337f-fd14-4df5-b1d6-80ec13e6e28e","settings":{"max_width":1920,"text_color":"#000000","background_color":"#ffffff","arrows_color":"#000000","dots_color":"#000000","button_color":"#000000","show_more":true,"only_photos":true,"use_widget_font":true,"product_handle":"the-ultralight-camping-airpump"}}},"block_order":["76769643-2c63-4120-bf7d-00099dba64ff"],"settings":{"include_margins":true}},"1651019062316d8753":{"type":"apps","settings":{"include_margins":true}},"1652301919646cb79b":{"type":"image-with-text","blocks":{"16523019190688fbc3-0":{"type":"heading","settings":{"heading":"Our Goal 🌎","heading_size":"h1"}},"16523019190688fbc3-1":{"type":"text","settings":{"text":"<p>To uphold the golden rule of any trek or camping trip.<\/p><p><strong>Take nothing but photographs. <br\/>Leave nothing but footprints.<\/strong><\/p><p>We want our customers to feel confident and proud when using our low-carbon footprint products out on the trail.<\/p>","text_style":"body"}}},"block_order":["16523019190688fbc3-0","16523019190688fbc3-1"],"settings":{"image":"shopify:\/\/shop_images\/hiking2_540x_911d81c7-588b-42cc-a96b-7b3b9ad82c14.webp","height":"small","desktop_image_width":"medium","layout":"image_first","desktop_content_position":"top","desktop_content_alignment":"left","content_layout":"no-overlap","color_scheme":"background-2","mobile_content_alignment":"center","padding_top":36,"padding_bottom":36}}},"order":["164711931974cb0e6f","1652297374d4428c93","1652300377a96fe508","164711934845c9d626","16510189843f9712a2","1651019062316d8753","1652301919646cb79b"]}