{"sections":{"main":{"type":"main-product","blocks":{"title":{"type":"title","settings":{}},"price":{"type":"price","settings":{}},"variant_picker":{"type":"variant_picker","settings":{"picker_type":"dropdown"}},"quantity_selector":{"type":"quantity_selector","settings":{}},"buy_buttons":{"type":"buy_buttons","settings":{"show_dynamic_checkout":false}},"description":{"type":"description","settings":{}},"collapsible-row-0":{"type":"collapsible_tab","settings":{"heading":"Shipping Info","icon":"box","content":"<p>• United States: 7-13 Days<br\/>• Canada: 10-15 Days<br\/>• United Kingdom: 6-10 Days<br\/>• Australia: 8-15 Days<br\/>• New Zealand: 10-17 Days<br\/>• Europe: 8-12 Days<br\/>• International: 12-20 Days<\/p>","page":""}},"collapsible-row-1":{"type":"collapsible_tab","disabled":true,"settings":{"heading":"Frequently Asked Questions","icon":"question_mark","content":"<p><strong>Will it damage my gear?<\/strong><br\/>Certainly not, all the AirPump does is suck in filtered air through it's nozzle into your mattress or pillow's valve.<br\/><br\/><strong>How long does it last?<\/strong><br\/>It can fill up roughly 9-12 air mattresses with one full charge.<br\/><\/p><p><strong>Does it need batteries?<\/strong><br\/>Nope! Your AirPump will have a charging cable included in the sack.<\/p><p><\/p><p><strong>Will it fit my valve type?<\/strong><br\/>We have yet to find an air mattress or pillow that has an incompatible valve.<\/p><p>Brands that work perfectly:<br\/><em>Nemo, Klymit, Thermarest (New & Old), Exped, REI, Coleman, Sea to Summit, Trekeology, etc...<\/em><br\/><\/p><p><strong>How does this protect my gear?<\/strong><br\/>Humidity builds up from our breath when we fill up these mattresses, avoid this by using an Ultralight Camping AirPump.<\/p>","page":""}},"f166e013-2e13-4a74-acf0-574309e217e6":{"type":"collapsible_tab","settings":{"heading":"Specifications","icon":"check_mark","content":"<p><strong>Material: <\/strong>Polyester Plastic<br\/><strong>Size: <\/strong>20 in x 27 in <br\/>(51 cm x 69 cm)<br\/><strong>Waterproof: <\/strong>Works with our Ultralight AirPumps<\/p>","page":""}}},"block_order":["title","price","variant_picker","quantity_selector","buy_buttons","description","collapsible-row-0","collapsible-row-1","f166e013-2e13-4a74-acf0-574309e217e6"],"settings":{"enable_sticky_info":true,"gallery_layout":"thumbnail_slider","media_size":"medium","mobile_thumbnails":"show","hide_variants":false,"enable_video_looping":false,"padding_top":0,"padding_bottom":0}},"product-recommendations":{"type":"product-recommendations","disabled":true,"settings":{"heading":"You may also like","color_scheme":"background-1","image_ratio":"square","show_secondary_image":true,"show_vendor":false,"show_rating":false,"padding_top":36,"padding_bottom":28}},"loox-product-reviews-app-section":{"type":"apps","blocks":{"loox-product-reviews":{"type":"shopify:\/\/apps\/loox-product-reviews-photos\/blocks\/loox-dynamic-section\/5c3b337f-fd14-4df5-b1d6-80ec13e6e28e","settings":{"only_photos":false,"aggregated":false,"hide_thumbnails":false,"maxwidth":1080}}},"block_order":["loox-product-reviews"],"settings":{"include_margins":false}}},"order":["main","product-recommendations","loox-product-reviews-app-section"]}