{"sections":{"main":{"type":"main-product","blocks":{"title":{"type":"title","settings":{}},"price":{"type":"price","settings":{}},"variant_picker":{"type":"variant_picker","settings":{"picker_type":"button"}},"quantity_selector":{"type":"quantity_selector","settings":{}},"buy_buttons":{"type":"buy_buttons","settings":{"show_dynamic_checkout":false}},"description":{"type":"description","settings":{}},"collapsible-row-0":{"type":"collapsible_tab","settings":{"heading":"Shipping Info","icon":"box","content":"<p>• United States: 7-13 Days<br\/>• Canada: 10-15 Days<br\/>• United Kingdom: 6-10 Days<br\/>• Australia: 8-15 Days<br\/>• New Zealand: 10-17 Days<br\/>• Europe: 8-12 Days<br\/>• International: 12-20 Days<\/p>","page":""}},"collapsible-row-1":{"type":"collapsible_tab","settings":{"heading":"Frequently Asked Questions","icon":"question_mark","content":"<p><strong>Will it damage my gear?<\/strong><br\/>Certainly not, all the AirPump does is suck in filtered air through it's nozzle into your mattress or pillow's valve.<br\/><br\/><strong>How long does it last?<\/strong><br\/>It can fill up roughly 9-12 air mattresses with one full charge.<br\/><\/p><p><strong>Does it need batteries?<\/strong><br\/>Nope! Your AirPump will have a charging cable included in the sack.<\/p><p><\/p><p><strong>Will it fit my valve type?<\/strong><br\/>We have yet to find an air mattress or pillow that has an incompatible valve.<\/p><p>Brands that work perfectly:<br\/><em>Nemo, Klymit, Thermarest (New & Old), Exped, REI, Coleman, Sea to Summit, Trekeology, etc...<\/em><br\/><\/p><p><strong>How does this protect my gear?<\/strong><br\/>Humidity builds up from our breath when we fill up these mattresses, avoid this by using an Ultralight Camping AirPump.<\/p>","page":""}},"f166e013-2e13-4a74-acf0-574309e217e6":{"type":"collapsible_tab","settings":{"heading":"Specifications","icon":"check_mark","content":"<p><strong>Weight: <\/strong>2.9 ounces (85 grams)<br\/><strong>Width & Height: <br\/><\/strong>1.1 in x 1.4 in (4.3 x 5.3 cm)<br\/><strong>Water Resistant: <\/strong>Yes<br\/><strong>Flow Rate: <\/strong>180L\/min<br\/><strong>Efficiency: <\/strong>10-12 mattresses  per charge<br\/><strong>Battery Size: <\/strong>1300mAh<br\/>*charging cable included*<\/p>","page":""}}},"block_order":["title","price","variant_picker","quantity_selector","buy_buttons","description","collapsible-row-0","collapsible-row-1","f166e013-2e13-4a74-acf0-574309e217e6"],"settings":{"enable_sticky_info":true,"gallery_layout":"thumbnail_slider","media_size":"medium","mobile_thumbnails":"show","hide_variants":false,"enable_video_looping":false,"padding_top":0,"padding_bottom":0}},"product-recommendations":{"type":"product-recommendations","disabled":true,"settings":{"heading":"You may also like","color_scheme":"background-1","image_ratio":"square","show_secondary_image":true,"show_vendor":false,"show_rating":false,"padding_top":36,"padding_bottom":28}},"loox-product-reviews-app-section":{"type":"apps","blocks":{"loox-product-reviews":{"type":"shopify:\/\/apps\/loox-product-reviews-photos\/blocks\/loox-dynamic-section\/5c3b337f-fd14-4df5-b1d6-80ec13e6e28e","settings":{"only_photos":false,"aggregated":false,"hide_thumbnails":false,"maxwidth":1080}}},"block_order":["loox-product-reviews"],"settings":{"include_margins":false}},"165401718275abae9c":{"type":"image-with-text","disabled":true,"blocks":{"1654017182a5559e8d-0":{"type":"heading","settings":{"heading":"Universal Valve Types","heading_size":"h1"}},"1654017182a5559e8d-1":{"type":"text","settings":{"text":"<p>Your Ultralight AirPump will include <strong>4 nozzles<\/strong> to function with <strong>any valve type on the market.<\/strong><\/p><p>We're yet to find a valve that's incompatible.<\/p>","text_style":"body"}}},"block_order":["1654017182a5559e8d-0","1654017182a5559e8d-1"],"settings":{"image":"shopify:\/\/shop_images\/NozzlesExplained_Tiny.jpg","height":"adapt","desktop_image_width":"medium","layout":"image_first","desktop_content_position":"top","desktop_content_alignment":"left","content_layout":"no-overlap","color_scheme":"background-1","mobile_content_alignment":"left","padding_top":0,"padding_bottom":0}},"16540173285bd2614b":{"type":"custom-liquid","disabled":true,"settings":{"custom_liquid":"<h2>🎈<strong> Quickly Inflate Anything<\/strong><\/h2>\n<p><span data-mce-fragment=\"1\" mce-data-marked=\"1\">Inflate or Deflate any kind of sleeping mats or pillows in seconds.<\/span><\/p>\n<p><strong data-mce-fragment=\"1\">Fill up your air mattress in 1min<\/strong><span data-mce-fragment=\"1\">&nbsp;💨<\/span><\/p>\n<p><img src=\"https:\/\/cdn.shopify.com\/s\/files\/1\/0248\/4083\/1031\/files\/MultiUse_Pic_800x800_0548f2e8-7ac9-4b18-aea6-eea9b4230de7.jpg?v=1629408819\" class=\"lazyload\"><\/p>\n<br>","color_scheme":"background-1","padding_top":40,"padding_bottom":52}}},"order":["main","product-recommendations","loox-product-reviews-app-section","165401718275abae9c","16540173285bd2614b"]}