{"sections":{"main":{"type":"main-product","blocks":{"title":{"type":"title","settings":{}},"ba059add-06de-4810-a0cc-f7d549fc3cb5":{"type":"shopify:\/\/apps\/loox-product-reviews-photos\/blocks\/loox-rating\/5c3b337f-fd14-4df5-b1d6-80ec13e6e28e","settings":{}},"81242a6e-1fc6-41f8-b0aa-cdbec3b2bb0d":{"type":"custom_liquid","settings":{"custom_liquid":"<style> .loox-rating span {color:black;} <\/style>"}},"price":{"type":"price","settings":{}},"variant_picker":{"type":"variant_picker","settings":{"picker_type":"button"}},"quantity_selector":{"type":"quantity_selector","settings":{}},"buy_buttons":{"type":"buy_buttons","settings":{"show_dynamic_checkout":false}},"description":{"type":"description","settings":{}},"collapsible-row-0":{"type":"collapsible_tab","settings":{"heading":"Shipping Info","icon":"box","content":"<p>• United States: 7-13 Days<br\/>• Canada: 10-15 Days<br\/>• United Kingdom: 6-10 Days<br\/>• Australia: 8-15 Days<br\/>• New Zealand: 10-17 Days<br\/>• Europe: 8-12 Days<br\/>• International: 12-20 Days<\/p>","page":""}},"collapsible-row-1":{"type":"collapsible_tab","settings":{"heading":"Frequently Asked Questions","icon":"question_mark","content":"<p><strong>What fuel does it use?<\/strong>It's compatible worldwide with all camping canisters: MSR, Primus, Jetboil, Snowpeak, Gigapower, etc.<\/p><p>We recommend butane or isobutane canisters.<br\/><br\/><strong>Can I use propane canisters?<br\/><\/strong>Yes! We offer an adapter here for those who don't have access to traditional canisters.<\/p><p><a href=\"https:\/\/njordoutdoors.com\/collections\/campers-corner\/products\/gas-adapter-for-ultralight-stove\" title=\"Ultralight Stove Valve Adapter\">Click Here<\/a> to get your adapter..<br\/><\/p><p><strong>How does it perform in heavy wind? <\/strong><br\/>The stove's <strong>raised metal lip<\/strong> around the burner will protect from gale force winds.<br\/><\/p><p><strong>What type of weather does it work in?<\/strong><br\/>It's a all season stove, from <strong>-12° Fahrenheit (-24° Celsius)<\/strong> and above is ideal.<br\/><\/p><p><strong>What type of altitude can it handle? <\/strong><br\/>This stove will perform at over <strong>10,000+ feet (3,048 m) of elevation<\/strong><\/p>","page":""}},"f166e013-2e13-4a74-acf0-574309e217e6":{"type":"collapsible_tab","settings":{"heading":"Specifications","icon":"check_mark","content":"<p><strong>Weight: <\/strong>3.2 ounces (91 grams)<br\/><strong>Width & Height: <br\/><\/strong>2 in x 3 in (5 cm x 7.6 cm)<br\/><strong>Water Resistant: <\/strong>Yes<br\/><strong>Stove Diameter: <\/strong>4.5 in (11.4 cm)<br\/><strong>Boil Time: <\/strong>3 minutes per 1 Liter<br\/><strong>Gas Efficiency: <\/strong>20-23 Liters per 8oz<\/p>","page":""}}},"block_order":["title","ba059add-06de-4810-a0cc-f7d549fc3cb5","81242a6e-1fc6-41f8-b0aa-cdbec3b2bb0d","price","variant_picker","quantity_selector","buy_buttons","description","collapsible-row-0","collapsible-row-1","f166e013-2e13-4a74-acf0-574309e217e6"],"settings":{"enable_sticky_info":true,"gallery_layout":"thumbnail_slider","media_size":"medium","mobile_thumbnails":"show","hide_variants":false,"enable_video_looping":false,"padding_top":0,"padding_bottom":0}},"product-recommendations":{"type":"product-recommendations","disabled":true,"settings":{"heading":"You may also like","color_scheme":"background-1","image_ratio":"square","show_secondary_image":true,"show_vendor":false,"show_rating":false,"padding_top":36,"padding_bottom":28}},"loox-product-reviews-app-section":{"type":"apps","blocks":{"loox-product-reviews":{"type":"shopify:\/\/apps\/loox-product-reviews-photos\/blocks\/loox-dynamic-section\/5c3b337f-fd14-4df5-b1d6-80ec13e6e28e","settings":{"only_photos":false,"aggregated":false,"hide_thumbnails":false,"maxwidth":1080}}},"block_order":["loox-product-reviews"],"settings":{"include_margins":false}}},"order":["main","product-recommendations","loox-product-reviews-app-section"]}