{"sections":{"main":{"type":"main-product","blocks":{"title":{"type":"title","settings":{}},"price":{"type":"price","settings":{}},"quantity_selector":{"type":"quantity_selector","settings":{}},"buy_buttons":{"type":"buy_buttons","settings":{"show_dynamic_checkout":false}},"description":{"type":"description","settings":{}},"aa5b2642-98d7-40cb-a25c-935d34055668":{"type":"collapsible_tab","settings":{"heading":"Shipping Info","content":"<p><strong>Free Worldwide Shipping 📦<\/strong><\/p><p>• United States: 7-16 Days<br\/>• Canada: 13-19 Days<br\/>• United Kingdom: 8-14 Days<br\/>• Australia: 12-20 Days<br\/>• Sweden & Denmark: 10-14 Days<br\/>• International: 11-20 Days<\/p>","page":"","icon":"box"}},"5853f7a2-4980-457d-8f98-799ea9ddbf78":{"type":"collapsible_tab","settings":{"heading":"How it Works","content":"<p><strong>1.<\/strong>Fill the machine with 400ml of warm water<br\/>(Don't worry, there is a marker in the machine)<br\/><br\/><strong>2.<\/strong>Add a couple drops of dish soap.<br\/>(Adding White Vinegar for extra clean jewelry)<br\/><br\/><strong>3.<\/strong>Plug in the machine with the included wire.<br\/><br\/><strong>4.<\/strong>Drop your jewelry into the machine, press the button & let run for one cycle (3 min cycle)<\/p>","page":"","icon":"leaf"}},"622aeee2-6261-44c7-984d-b2bfdabb0b45":{"type":"collapsible_tab","settings":{"heading":"Frequently Asked Questions","content":"<p><strong>Q) Is it dangerous for my jewelry?<\/strong><\/p><p>Not in the slightest,<br\/>The device  sends ultrasonic waves through the water to gently shake off all excess <em>dirt, oils & gunk off your jewelry.<\/em><\/p><p><br\/><strong>Q) What can I clean in it?<\/strong><br\/>Our device works with any:<br\/>14k \/18k\/22k\/24k Gold, Silver, Platinum, Sterling Silver, Rosegold & all Plated Jewelry.<br\/><br\/><em>Not recommended for real pearls or cracked gemstones.<\/em><br\/><\/p><p><strong>Q) What liquid do I clean my jewelry in?<\/strong><\/p><p>300ml of warm water + a couple drops of dish detergent is all that's needed.<br\/><em>(+White Vinegar for extra dirty jewelry)<\/em><br\/><br\/><strong>Q) What chemicals do I need?<\/strong><\/p><p>Absolutely none! No Harsh Cleaners required, only warm water & dish soap.<\/p><p><br\/><strong>Q) What else can I clean it it?<\/strong><\/p><p>Glasses, Watches & Makeup brushes all work great too!<\/p>","page":"","icon":"question_mark"}}},"block_order":["title","price","quantity_selector","buy_buttons","description","aa5b2642-98d7-40cb-a25c-935d34055668","5853f7a2-4980-457d-8f98-799ea9ddbf78","622aeee2-6261-44c7-984d-b2bfdabb0b45"],"settings":{"enable_sticky_info":true,"hide_variants":false,"enable_video_looping":false}},"product-recommendations":{"type":"product-recommendations","disabled":true,"settings":{"heading":"You may also like","image_ratio":"adapt","show_secondary_image":false,"add_image_padding":false,"show_image_outline":true,"show_vendor":false,"show_rating":false}},"loox-product-reviews-app-section":{"type":"apps","blocks":{"loox-product-reviews":{"type":"shopify:\/\/apps\/loox-photo-reviews\/blocks\/loox-dynamic-section\/5c3b337f-fd14-4df5-b1d6-80ec13e6e28e","settings":{"only_photos":false,"aggregated":false,"hide_thumbnails":false,"maxwidth":1080}}},"block_order":["loox-product-reviews"],"settings":{"include_margins":false}},"16393649826273aa1c":{"type":"multicolumn","blocks":{"163936498226d31c2b-1":{"type":"column","settings":{"title":"🚚 FREE Tracked Shipping","text":"","link_label":"","link":""}},"163936498226d31c2b-2":{"type":"column","settings":{"title":"💎 Guaranteed Sparkling Jewelry","text":"","link_label":"","link":""}},"7f33c8c5-271c-4d74-a447-5c4b3d7553bb":{"type":"column","settings":{"title":"🔒 120 Day Money-Back Guarantee","text":"","link_label":"","link":""}},"2d6b3ff7-f361-4a15-ba76-3f658e99368e":{"type":"column","settings":{"title":"☎ 24\/7 Customer Support","text":"","link_label":"","link":""}}},"block_order":["163936498226d31c2b-1","163936498226d31c2b-2","7f33c8c5-271c-4d74-a447-5c4b3d7553bb","2d6b3ff7-f361-4a15-ba76-3f658e99368e"],"settings":{"title":"","image_width":"full","image_ratio":"adapt","column_alignment":"left","background_style":"primary","button_label":"Button label","button_link":"","swipe_on_mobile":false}}},"order":["main","product-recommendations","loox-product-reviews-app-section","16393649826273aa1c"]}