{"sections":{"cart-items":{"type":"main-cart-items","settings":{"show_vendor":false}},"cart-footer":{"type":"main-cart-footer","blocks":{"subtotal":{"type":"subtotal","settings":{}},"buttons":{"type":"buttons","settings":{}}},"block_order":["subtotal","buttons"],"settings":{"show_cart_note":false}},"featured-products":{"type":"featured-collection","disabled":true,"settings":{"title":"Featured collection","collection":"all","products_to_show":4,"show_view_all":true,"swipe_on_mobile":false,"image_ratio":"square","show_secondary_image":false,"add_image_padding":false,"show_image_outline":true,"show_vendor":false,"show_rating":false}},"16399447743ff4b6cb":{"type":"apps","blocks":{"c407afbf-4346-43f4-ab07-b1a341b4f335":{"type":"shopify:\/\/apps\/loox-photo-reviews\/blocks\/loox-agg-section\/5c3b337f-fd14-4df5-b1d6-80ec13e6e28e","settings":{"only_photos":false,"hide_thumbnails":false,"product_handle":"","aggregated":true,"maxwidth":1920}}},"block_order":["c407afbf-4346-43f4-ab07-b1a341b4f335"],"settings":{"include_margins":true}}},"order":["cart-items","cart-footer","featured-products","16399447743ff4b6cb"]}