{"current":{"colors_accent_1":"#1f6afe","colors_accent_2":"#1f6afe","colors_text":"#000000","colors_background_1":"#FFFFFF","type_header_font":"poppins_n7","heading_scale":120,"type_body_font":"poppins_n4","body_scale":110,"page_width":1200,"buttons_border_thickness":2,"buttons_radius":6,"buttons_shadow_opacity":0,"variant_pills_border_thickness":1,"variant_pills_radius":22,"variant_pills_shadow_opacity":0,"variant_pills_shadow_horizontal_offset":0,"inputs_border_thickness":1,"inputs_radius":6,"card_style":"standard","card_image_padding":0,"media_border_thickness":0,"media_shadow_opacity":0,"media_shadow_vertical_offset":6,"popup_border_thickness":1,"sale_badge_color_scheme":"accent-1","accent_icons":"text","predictive_search_enabled":false,"favicon":"shopify:\/\/shop_images\/Campfire4_e6b83079-a72b-4c85-87ef-e4549448a357.png","currency_code_enabled":true,"checkout_logo_image":"shopify:\/\/shop_images\/Njord_Outdoors_Co._v.4_fatter_88835988-9a8d-4c01-b77b-2f206f09fd80.png","checkout_logo_position":"center","checkout_logo_size":"large","checkout_heading_font":"-apple-system, BlinkMacSystemFont, 'Segoe UI', Roboto, Helvetica, Arial, sans-serif, 'Apple Color Emoji', 'Segoe UI Emoji', 'Segoe UI Symbol'","checkout_body_font":"-apple-system, BlinkMacSystemFont, 'Segoe UI', Roboto, Helvetica, Arial, sans-serif, 'Apple Color Emoji', 'Segoe UI Emoji', 'Segoe UI Symbol'","checkout_accent_color":"#000000","checkout_button_color":"#1f6afe","sections":{"announcement-bar":{"type":"announcement-bar","blocks":{"announcement-bar-0":{"type":"announcement","settings":{"text":"Lifetime Warranty + Money Back Guarantee","color_scheme":"inverse","link":""}}},"block_order":["announcement-bar-0"],"settings":{}},"header":{"type":"header","settings":{"color_scheme":"background-1","logo":"shopify:\/\/shop_images\/Njord_Outdoors_Co._v.4_trans_5955bb82-61f5-497f-978a-3edbc7cb07e8.png","logo_width":250,"logo_position":"middle-left","menu":"main-menu","show_line_separator":true,"enable_sticky_header":false,"margin_bottom":4}},"footer":{"type":"footer","blocks":{"footer-2":{"type":"text","settings":{"heading":"Customer Service Hours","subtext":"<p>Monday - Friday<br\/>9am - 5pm EST<\/p><p>📞 (438)-600-4789<\/p><p>📧 contact@njordoutdoors.com<\/p>"}},"footer-1":{"type":"link_list","settings":{"heading":"Quick Menu","menu":"footer-menu-for-dawn"}}},"block_order":["footer-2","footer-1"],"settings":{"color_scheme":"inverse","newsletter_enable":true,"newsletter_heading":"Join our V.I.P List","show_social":true,"enable_country_selector":false,"enable_language_selector":false,"payment_enable":true,"margin_top":48,"padding_top":36,"padding_bottom":36}},"main-password-header":{"type":"main-password-header","settings":{}},"main-password-footer":{"type":"main-password-footer","settings":{}}},"content_for_index":[]},"presets":{"Default":{"sections":{"announcement-bar":{"type":"announcement-bar","blocks":{"announcement-bar-0":{"type":"announcement","settings":{"color_scheme":"background-1"}}},"block_order":["announcement-bar-0"],"settings":{}},"header":{"type":"header","settings":{"logo_width":90}},"footer":{"type":"footer","blocks":{"footer-0":{"type":"link_list","settings":{}},"footer-1":{"type":"link_list","settings":{"heading":"Info"}},"footer-2":{"type":"text","settings":{"heading":"Our mission"}}},"block_order":["footer-0","footer-1","footer-2"],"settings":{"show_social":true,"enable_country_selector":false,"enable_language_selector":false,"margin_top":48}},"main-password-header":{"type":"main-password-header","settings":{}},"main-password-footer":{"type":"main-password-footer","settings":{}}}}}}