{"current":{"colors_solid_button_labels":"#ffffff","colors_accent_1":"#926cd9","gradient_accent_1":"","colors_accent_2":"#926cd9","gradient_accent_2":"","colors_text":"#202020","colors_outline_button_labels":"#121212","colors_background_1":"#ffffff","colors_background_2":"#f3f3f3","type_header_font":"fira_sans_n3","type_body_font":"fira_sans_n4","sale_badge_color_scheme":"accent-2","social_facebook_link":"https:\/\/www.facebook.com\/AstreaJewelryAccessoriesShop","social_instagram_link":"https:\/\/www.instagram.com\/astrea_jewelry_accessories\/","social_tiktok_link":"https:\/\/www.tiktok.com\/@astreajewelryaccessories?lang=en","predictive_search_enabled":false,"favicon":"shopify:\/\/shop_images\/Solo_Favicon_7da2404f-f9a0-4b8d-a5f4-09c1a024e34a.png","currency_code_enabled":false,"checkout_logo_image":"shopify:\/\/shop_images\/Checkout_LOGO.png","checkout_logo_position":"center","checkout_logo_size":"large","checkout_sidebar_background_color":"#f2f2f2","checkout_accent_color":"#202020","checkout_button_color":"#926cd9","sections":{"announcement-bar":{"type":"announcement-bar","blocks":{"announcement-bar-0":{"type":"announcement","settings":{"text":"120 Day Money-Back Guarantee + Free Shipping","color_scheme":"inverse","link":""}}},"block_order":["announcement-bar-0"],"settings":{}},"header":{"type":"header","settings":{"color_scheme":"background-1","logo":"shopify:\/\/shop_images\/Solo_Main_Logo_d60ee2de-7033-4e5e-a925-cceaa4f39e9d.png","logo_width":250,"logo_position":"middle-left","menu":"main-menu","show_line_separator":true,"enable_sticky_header":false}},"footer":{"type":"footer","blocks":{"c6188285-2580-4701-814b-319a1192e415":{"type":"text","settings":{"heading":"Customer Service Hours","subtext":"<p>Monday - Friday<br\/>9am - 5pm EDT<\/p><p>📞  (438) 800-3706<\/p><p>📧 contact@astrea-jewelry.com<\/p>"}},"footer-0":{"type":"link_list","settings":{"heading":"Quick links","menu":"dawn-quick-menu"}}},"block_order":["c6188285-2580-4701-814b-319a1192e415","footer-0"],"settings":{"color_scheme":"background-1","newsletter_enable":true,"newsletter_heading":"Join the Astrea V.I.P Club","show_social":true,"enable_country_selector":false,"enable_language_selector":false,"payment_enable":true}}},"content_for_index":[]},"presets":{"Default":{"colors_solid_button_labels":"#FFFFFF","colors_accent_1":"#121212","colors_accent_2":"#334FB4","colors_text":"#121212","colors_outline_button_labels":"#121212","colors_background_1":"#FFFFFF","colors_background_2":"#F3F3F3","type_header_font":"assistant_n4","type_body_font":"assistant_n4","sections":{"announcement-bar":{"type":"announcement-bar","blocks":{"announcement-bar-0":{"type":"announcement","settings":{"color_scheme":"background-1"}}},"block_order":["announcement-bar-0"],"settings":{}}}},"Craft":{"colors_solid_button_labels":"#EFECEC","colors_accent_1":"#2A332F","colors_accent_2":"#476154","colors_text":"#1C1A1A","colors_outline_button_labels":"#7B8382","colors_background_1":"#EFECEC","colors_background_2":"#C1BCAE","type_header_font":"americana_n4","type_body_font":"quattrocento_sans_n4","sections":{"footer":{"type":"footer","blocks":{"menu":{"type":"link_list","settings":{}},"text":{"type":"text","settings":{}}},"block_order":["menu","text"],"settings":{"color_scheme":"accent-1"}}}}}}