{"sections":{"image_banner":{"type":"image-banner","blocks":{"heading":{"type":"heading","settings":{"heading":"Astrea Essentials","heading_size":"large"}},"5cd6a419-4723-41ab-94d5-ece173e7a76e":{"type":"text","settings":{"text":"Our hand-picked trinkets perfect to compliment any lifestyle"}},"button":{"type":"buttons","settings":{"button_label_1":"Shop Now ➡","button_link_1":"shopify:\/\/products\/astrea-jewelry-cleaner","button_style_secondary_1":true,"button_label_2":"","button_link_2":"","button_style_secondary_2":false}}},"block_order":["heading","5cd6a419-4723-41ab-94d5-ece173e7a76e","button"],"settings":{"image":"shopify:\/\/shop_images\/Homepage_Girl_Graphic_FAIR_switcted.jpg","image_height":"large","adapt_height_first_image":false,"desktop_text_box_position":"center","show_text_box":false,"image_overlay_opacity":10,"color_scheme":"background-2","stack_images_on_mobile":true,"show_text_below":false}},"1639344733e4e3add8":{"type":"image-banner","blocks":{"1639344733a26e7b8a-0":{"type":"heading","settings":{"heading":"Holiday Gifts Under $50","heading_size":"large"}},"1639344733a26e7b8a-1":{"type":"text","settings":{"text":"Give customers details about the banner image(s) or content on the template."}},"1639344733a26e7b8a-2":{"type":"buttons","settings":{"button_label_1":"Shop Now ➡","button_link_1":"shopify:\/\/products\/porcelain-animal-jewelry-bowl","button_style_secondary_1":true,"button_label_2":"","button_link_2":"","button_style_secondary_2":false}}},"block_order":["1639344733a26e7b8a-0","1639344733a26e7b8a-1","1639344733a26e7b8a-2"],"settings":{"image":"shopify:\/\/shop_images\/HTB1ZZZUeB1D3KVjSZFyq6zuFpXaU.jpg","image_height":"medium","adapt_height_first_image":false,"desktop_text_box_position":"center","show_text_box":false,"image_overlay_opacity":0,"color_scheme":"accent-1","stack_images_on_mobile":true,"show_text_below":false}},"163934492357be6692":{"type":"image-with-text","blocks":{"163934492332465e79-0":{"type":"heading","settings":{"heading":"Our Story 🍁"}},"163934492332465e79-1":{"type":"text","settings":{"text":"<p>Proudly Canadian 🇨🇦,<\/p><p>We began as a group of friends who bought & traded jewelry between our friend group. <br\/><br\/>We loved the look of brand new jewelry. <br\/><br\/>We soon realized we couldn't keep buying new jewelry all the time every time one of our pieces looked worn.<br\/><br\/>So now, after many attemtps we've brought our love of brand new jewelry in an at-home fix. Enjoy!<br\/><br\/>-Sophia ♥<\/p>"}}},"block_order":["163934492332465e79-0","163934492332465e79-1"],"settings":{"image":"shopify:\/\/shop_images\/pexels-pavel-danilyuk-7406059.jpg","height":"large","color_scheme":"background-1","layout":"image_first"}},"16393451754117178e":{"type":"image-with-text","blocks":{"1639345175529f0eab-0":{"type":"heading","settings":{"heading":"Our Goal 🌎"}},"1639345175529f0eab-1":{"type":"text","settings":{"text":"<p>We pride ourselves in offering unique items to complement your lifestyle.<\/p><p>\"Without comprising on quality, were constantly striving towards ethically sourced materials.\"<\/p><p>- Erica, Brand Manager<\/p>"}}},"block_order":["1639345175529f0eab-0","1639345175529f0eab-1"],"settings":{"image":"shopify:\/\/shop_images\/pexels-ioana-motoc-9683895.jpg","height":"large","color_scheme":"background-1","layout":"text_first"}},"1639345258d39a6066":{"type":"image-with-text","blocks":{"16393452586838c308-0":{"type":"heading","settings":{"heading":"Your Goals ✨"}},"16393452586838c308-1":{"type":"text","settings":{"text":"<p>\"We know your jewelry is an expression of yourself. We're here to support you & honored to have you trust us with your prized possessions\"<\/p><p>- Madison, Community Relations<\/p>"}}},"block_order":["16393452586838c308-0","16393452586838c308-1"],"settings":{"image":"shopify:\/\/shop_images\/pexels-pexels-user-10050219.jpg","height":"adapt","color_scheme":"background-1","layout":"image_first"}}},"order":["image_banner","1639344733e4e3add8","163934492357be6692","16393451754117178e","1639345258d39a6066"]}